,seeds,N_targets_E18,mean_E18,pval_E18,pval.adj_E18,std_E18,N_targets_E75,mean_E75,pval_E75,pval.adj_E75,std_E75
1,AGGAA,39,-6.502737057,1.66E-28,1.70E-25,1.065391017,39,-2.978648532,1.64E-18,1.68E-15,0.923723236
3,ACCCA,38,-5.86522281,5.99E-23,6.12E-20,1.286947275,38,-2.456790549,8.97E-13,9.17E-10,1.075878382
12,TATAG,18,-4.783538228,6.37E-09,6.51E-06,1.415420115,18,-2.124152906,5.03E-07,0.000514037,0.824706151
